<?xml version="1.0" encoding="UTF-8"?>
<rss version="2.0" xmlns:atom="http://www.w3.org/2005/Atom">
  <channel>
    <title>Your awesome title</title>
    <description>Write an awesome description for your new site here. You can edit this line in _config.yml. It will appear in your document head meta (for Google search results) and in your feed.xml site description.
</description>
    <link>http://yourdomain.com/</link>
    <atom:link href="http://yourdomain.com/feed.xml" rel="self" type="application/rss+xml"/>
    <pubDate>Tue, 11 Aug 2015 22:09:13 -0500</pubDate>
    <lastBuildDate>Tue, 11 Aug 2015 22:09:13 -0500</lastBuildDate>
    <generator>Jekyll v2.5.3</generator>
    
  </channel>
</rss>
